keyword,aweme_id,post_user_id,user_id,location,published_at,text,comment_id
工地机器人,7567725943410707747,MS4wLjABAAAAUZNaQbXsvaWM71WEkgwD4N3E_g0_uvdBP80OIhXrvrk,dynkcu0keaye,河北,2025-11-01 21:54:30,难怪土木工程改名叫智能建造了[看][看][看],7567755006100095803
工地机器人,7567725943410707747,MS4wLjABAAAAUZNaQbXsvaWM71WEkgwD4N3E_g0_uvdBP80OIhXrvrk,sam204471,中国香港,2025-12-24 14:31:04,香港必須引入[赞],7587308244122665779
工地机器人,7567725943410707747,MS4wLjABAAAAUZNaQbXsvaWM71WEkgwD4N3E_g0_uvdBP80OIhXrvrk,mishuobaba,吉林,2026-02-03 15:43:13,有墩柱智能振捣机器人吗,7602541328287187712
工地机器人,7611524021917682978,MS4wLjABAAAAk8hAD5mPK330cl2KS19RpUl8lh4FXqiY4AL5_2VGNZs,1122193776,河南,2026-03-01 06:48:02,这些本来是没有生活来源的的农民工干的，这样把他们的活路给断了。机器人从事精密危险工作可以。但是不能这样把养家糊口的农民工饭碗夺了。,7612051609049678651
工地机器人,7611524021917682978,MS4wLjABAAAAk8hAD5mPK330cl2KS19RpUl8lh4FXqiY4AL5_2VGNZs,23428919781,黑龙江,2026-03-02 05:03:51,支持机器人公务员，减少人为干预[赞][赞][赞],7612395602596397850
工地机器人,7611524021917682978,MS4wLjABAAAAk8hAD5mPK330cl2KS19RpUl8lh4FXqiY4AL5_2VGNZs,45756166728,四川,2026-02-27 21:27:54,中国空房子应该很多吧，让机器人去打战，去边关战岗吧,7611536199505527601
工地机器人,7611524021917682978,MS4wLjABAAAAk8hAD5mPK330cl2KS19RpUl8lh4FXqiY4AL5_2VGNZs,854492416,山东,2026-03-04 20:50:43,我感觉机器人最应该代替的是事业单位的文职,7613382041942917925
工地机器人,7611524021917682978,MS4wLjABAAAAk8hAD5mPK330cl2KS19RpUl8lh4FXqiY4AL5_2VGNZs,58808939676,广东,2026-02-27 21:59:55,[捂脸][捂脸][捂脸]把老百姓的饭碗抢了，还抢得理直气壮的，因为工地搬砖水泥累年轻人不干，你知道现在有多少干工地建筑活的老百姓在家坐了一年多没活干了吗？,7611544449269187380
工地机器人,7539843351651175699,MS4wLjABAAAAMR4SFokU1RUkvKdwbOewQBbeUZT6JJwJy7XrlrlMjbg,JellyDr,安徽,2026-02-23 15:02:21,我特别喜欢看评论区的犟种，时代发展早晚把犟种都淘汰,7609952502771073841
工地机器人,7539843351651175699,MS4wLjABAAAAMR4SFokU1RUkvKdwbOewQBbeUZT6JJwJy7XrlrlMjbg,yi18966,广东,2025-08-19 10:14:23,我村里有个人，买了一台 ，没有用，,7540114276066198331
工地机器人,7539843351651175699,MS4wLjABAAAAMR4SFokU1RUkvKdwbOewQBbeUZT6JJwJy7XrlrlMjbg,xiao20995,浙江,2026-02-24 11:12:15,我就问你缝里不积灰吗？[呆无辜],7610264290980840244
工地机器人,7539843351651175699,MS4wLjABAAAAMR4SFokU1RUkvKdwbOewQBbeUZT6JJwJy7XrlrlMjbg,699317814,浙江,2026-01-19 13:48:33,跟业主确认好，这才是最难的好吧，业主的需求跟工程对接也是有差距的,7596945503443878675
工地机器人,7539843351651175699,MS4wLjABAAAAMR4SFokU1RUkvKdwbOewQBbeUZT6JJwJy7XrlrlMjbg,G1213231636,山西,2025-08-21 10:55:40,早在多年前，中建某单位就开始尝试了，实时证明 抹灰那个设备不行,7540864237007454976
工地机器人,7169891161530764581,MS4wLjABAAAAazXjeQY3xlQtBpGvLGiU8DA7EyxbF9uNPeIrQ_aEraff6Oz9jbJ6SQoeGpAYxveh,a15551185321,浙江,2022-11-26 11:44:42,真到工地他会莫名其妙的坏，然后消失,7170165623136469772
工地机器人,7169891161530764581,MS4wLjABAAAAazXjeQY3xlQtBpGvLGiU8DA7EyxbF9uNPeIrQ_aEraff6Oz9jbJ6SQoeGpAYxveh,1495388116.23333,江苏,2022-11-26 12:04:38,如果做成全地形就好了，路不平都可以搬那太行了[灵机一动],7170170748752806670
工地机器人,7169891161530764581,MS4wLjABAAAAazXjeQY3xlQtBpGvLGiU8DA7EyxbF9uNPeIrQ_aEraff6Oz9jbJ6SQoeGpAYxveh,aidewei58089,重庆,2022-11-26 12:40:34,农民工下岗了，到哪里找工作？,7170180013726581556
工地机器人,7169891161530764581,MS4wLjABAAAAazXjeQY3xlQtBpGvLGiU8DA7EyxbF9uNPeIrQ_aEraff6Oz9jbJ6SQoeGpAYxveh,2180905532,湖北,2022-11-26 11:40:13,非常好，值得推广,7170164465474929460
工地机器人,7169891161530764581,MS4wLjABAAAAazXjeQY3xlQtBpGvLGiU8DA7EyxbF9uNPeIrQ_aEraff6Oz9jbJ6SQoeGpAYxveh,994430808,四川,2022-11-26 12:50:21,哪里来这么多水泥地给你走工地上,7170182541117735718
工地机器人,7161384666316967201,MS4wLjABAAAAke3ILdiE5V5Nawq8HnP-j_GNjccMVGmzpxSeAMYJ1zc8kpgv4d_KL7ZiGJWqDTb1,Loveyou121104,山东,2022-11-03 21:17:50,那些在工地打工还老埋怨的，看看，以后连工地的工作都不好找了[捂脸],7161778348255347487
工地机器人,7161384666316967201,MS4wLjABAAAAke3ILdiE5V5Nawq8HnP-j_GNjccMVGmzpxSeAMYJ1zc8kpgv4d_KL7ZiGJWqDTb1,2089862945,浙江,2022-11-06 05:09:00,机器人虽然不能全面替代人工，但还是很大范围内减少人工的输出。,7162641818667664132
工地机器人,7161384666316967201,MS4wLjABAAAAke3ILdiE5V5Nawq8HnP-j_GNjccMVGmzpxSeAMYJ1zc8kpgv4d_KL7ZiGJWqDTb1,99613154,新疆,2022-11-06 00:27:27,我要让我儿子看看 不好好学习搬砖都没机会了[捂脸],7162569371129217830
工地机器人,7161384666316967201,MS4wLjABAAAAke3ILdiE5V5Nawq8HnP-j_GNjccMVGmzpxSeAMYJ1zc8kpgv4d_KL7ZiGJWqDTb1,dyzt3uhmal0y,湖北,2022-11-04 14:04:06,现在混淋土浇筑不就是这么干的吗？也一样需要人的，机器替代是不可能的，提高人工待遇才是出路,7162037634159969064
工地机器人,7161384666316967201,MS4wLjABAAAAke3ILdiE5V5Nawq8HnP-j_GNjccMVGmzpxSeAMYJ1zc8kpgv4d_KL7ZiGJWqDTb1,281018997,辽宁,2022-11-04 20:14:01,人工是避免不了的,7162133003618222882
工地机器人,7610342404096363816,MS4wLjABAAAAPzfttpiX4ttITgYeZYWfTXoCiBKxpoDDAglNMoVcFi4,xiaozhuhuamu,四川,2026-02-27 11:37:41,房子修好了[捂脸]卖给机器人住[666],7611384098914206473
工地机器人,7610342404096363816,MS4wLjABAAAAPzfttpiX4ttITgYeZYWfTXoCiBKxpoDDAglNMoVcFi4,854589028A,山东,2026-02-26 12:31:43,什么时候能生产机器人公务员的才是牛逼的时候,7611026936429200191
工地机器人,7610342404096363816,MS4wLjABAAAAPzfttpiX4ttITgYeZYWfTXoCiBKxpoDDAglNMoVcFi4,laoqi68091,上海,2026-02-25 09:26:14,效果怎么样，有用过的人说说吗？想尝试一下,7610608047651603254
工地机器人,7610342404096363816,MS4wLjABAAAAPzfttpiX4ttITgYeZYWfTXoCiBKxpoDDAglNMoVcFi4,dypa7zg6ismx,重庆,2026-03-02 19:30:54,人工智能必须上税，一台按产值交税，不然后患无穷,7612619299508994858
工地机器人,7610342404096363816,MS4wLjABAAAAPzfttpiX4ttITgYeZYWfTXoCiBKxpoDDAglNMoVcFi4,1175395322,河南,2026-02-26 13:00:26,这种情况像不像杀鸡取卵[捂脸][捂脸],7611034336356320037
工地机器人,7615888081542974756,MS4wLjABAAAAPzfttpiX4ttITgYeZYWfTXoCiBKxpoDDAglNMoVcFi4,865328827,甘肃,2026-03-18 12:30:50,以后全是机器人 人没活干了没经济东西卖给哪个 遥遥领先吗[灵机一动],7618448414779228977
工地机器人,7615888081542974756,MS4wLjABAAAAPzfttpiX4ttITgYeZYWfTXoCiBKxpoDDAglNMoVcFi4,1759701234,重庆,2026-03-14 18:30:47,叫机器人吊顶，架龙骨，做造型。[抠鼻],7617056832104891173
工地机器人,7615888081542974756,MS4wLjABAAAAPzfttpiX4ttITgYeZYWfTXoCiBKxpoDDAglNMoVcFi4,37760532659,四川,2026-03-17 16:30:30,提振消费，就这样，打工都没有要了，以后都找机器吧[捂脸],7618139089397449521
工地机器人,7615888081542974756,MS4wLjABAAAAPzfttpiX4ttITgYeZYWfTXoCiBKxpoDDAglNMoVcFi4,894441575,江西,2026-03-16 21:21:00,抓钢筋的这个可以,7617839939078865683
工地机器人,7615888081542974756,MS4wLjABAAAAPzfttpiX4ttITgYeZYWfTXoCiBKxpoDDAglNMoVcFi4,1161046872,浙江,2026-03-12 18:51:07,以后不要人了[呲牙][呲牙][呲牙],7616319900445541158
施工机器人,7617786517931244977,MS4wLjABAAAAnIvpt-ASqOlbmCV04Z0ibLUE__ah_cIavckSL8A3Ot0GiwDHCbPm2aTS5NHgu1D4,QQB00008686,甘肃,2026-03-17 19:52:17,那么解放出来这群人就业怎么办？吃什么喝什么，一个两个没关系一千万两千五五千万都失业怎么办？,7618191087987344180
施工机器人,7617786517931244977,MS4wLjABAAAAnIvpt-ASqOlbmCV04Z0ibLUE__ah_cIavckSL8A3Ot0GiwDHCbPm2aTS5NHgu1D4,45287840153,山东,2026-03-19 12:01:58,解放了劳动力，提高了质量。[赞][赞][赞],7618812058432324401
施工机器人,7617786517931244977,MS4wLjABAAAAnIvpt-ASqOlbmCV04Z0ibLUE__ah_cIavckSL8A3Ot0GiwDHCbPm2aTS5NHgu1D4,shi469321,重庆,2026-03-17 16:07:46,工人全都饿？[捂脸],7618133220664705855
施工机器人,7617786517931244977,MS4wLjABAAAAnIvpt-ASqOlbmCV04Z0ibLUE__ah_cIavckSL8A3Ot0GiwDHCbPm2aTS5NHgu1D4,1329948843,广东,2026-03-16 22:58:00,失业了，失业了。,7617867862930490149
施工机器人,7617786517931244977,MS4wLjABAAAAnIvpt-ASqOlbmCV04Z0ibLUE__ah_cIavckSL8A3Ot0GiwDHCbPm2aTS5NHgu1D4,guo198406,广东,2026-03-16 19:29:10,还有未来吗？,7617814052437951283
施工机器人,7539843351651175699,MS4wLjABAAAAMR4SFokU1RUkvKdwbOewQBbeUZT6JJwJy7XrlrlMjbg,JellyDr,安徽,2026-02-23 15:02:21,我特别喜欢看评论区的犟种，时代发展早晚把犟种都淘汰,7609952502771073841
施工机器人,7539843351651175699,MS4wLjABAAAAMR4SFokU1RUkvKdwbOewQBbeUZT6JJwJy7XrlrlMjbg,yi18966,广东,2025-08-19 10:14:23,我村里有个人，买了一台 ，没有用，,7540114276066198331
施工机器人,7539843351651175699,MS4wLjABAAAAMR4SFokU1RUkvKdwbOewQBbeUZT6JJwJy7XrlrlMjbg,xiao20995,浙江,2026-02-24 11:12:15,我就问你缝里不积灰吗？[呆无辜],7610264290980840244
施工机器人,7539843351651175699,MS4wLjABAAAAMR4SFokU1RUkvKdwbOewQBbeUZT6JJwJy7XrlrlMjbg,699317814,浙江,2026-01-19 13:48:33,跟业主确认好，这才是最难的好吧，业主的需求跟工程对接也是有差距的,7596945503443878675
施工机器人,7539843351651175699,MS4wLjABAAAAMR4SFokU1RUkvKdwbOewQBbeUZT6JJwJy7XrlrlMjbg,G1213231636,山西,2025-08-21 10:55:40,早在多年前，中建某单位就开始尝试了，实时证明 抹灰那个设备不行,7540864237007454976
施工机器人,7480467392636701961,MS4wLjABAAAAPzfttpiX4ttITgYeZYWfTXoCiBKxpoDDAglNMoVcFi4,dy3slskxmt0q,山西,2025-03-11 19:56:53,房子卖给机器人[捂脸],7480519674322174777
施工机器人,7480467392636701961,MS4wLjABAAAAPzfttpiX4ttITgYeZYWfTXoCiBKxpoDDAglNMoVcFi4,WU837654038,福建,2025-03-12 11:58:02,马云说的好啊！机器人应该是去坐人没有办法完成的工作尔不是抢别人的饭碗,7480767339848958756
施工机器人,7480467392636701961,MS4wLjABAAAAPzfttpiX4ttITgYeZYWfTXoCiBKxpoDDAglNMoVcFi4,1810850655,重庆,2025-03-12 11:16:45,好啊，失业的人就更多了,7480756706327151410
施工机器人,7480467392636701961,MS4wLjABAAAAPzfttpiX4ttITgYeZYWfTXoCiBKxpoDDAglNMoVcFi4,69677636148,浙江,2025-03-12 08:46:44,一堆机器替代了人来干活，却想要人来买机器生产出来的东西，人都没有收入，拿头买吗[看],7480718020521935616
施工机器人,7480467392636701961,MS4wLjABAAAAPzfttpiX4ttITgYeZYWfTXoCiBKxpoDDAglNMoVcFi4,97730323,山东,2025-03-12 07:53:01,农民工该何去何从？科技给人民带来了什么？,7480704203565662985
施工机器人,7548040991635197199,MS4wLjABAAAAsLxy2k9zCsF4DilaWa_MObijeJP8UWfwu8tb1n-gh6qFHRFyStri_9-daE2vKO73,2363306229m,山东,2026-02-06 22:48:25,用这个东西，所有的费用都比人工高出好几倍的费用，现实中行不通,7603764159641223988
施工机器人,7548040991635197199,MS4wLjABAAAAsLxy2k9zCsF4DilaWa_MObijeJP8UWfwu8tb1n-gh6qFHRFyStri_9-daE2vKO73,933283168,北京,2025-09-14 12:42:46,多少钱一台！房地产好的时候你们怎么不生产[捂脸][捂脸][捂脸][捂脸][捂脸][捂脸],7549800734415782671
施工机器人,7548040991635197199,MS4wLjABAAAAsLxy2k9zCsF4DilaWa_MObijeJP8UWfwu8tb1n-gh6qFHRFyStri_9-daE2vKO73,whx040221,河北,2026-01-13 18:54:07,我就这么给你说，你用机器人干活，必须保证上一道工序是完整的,7594797730812789513
施工机器人,7548040991635197199,MS4wLjABAAAAsLxy2k9zCsF4DilaWa_MObijeJP8UWfwu8tb1n-gh6qFHRFyStri_9-daE2vKO73,sam204471,中国香港,2025-12-24 14:28:42,香港必須引入[感谢],7587307634378982194
施工机器人,7548040991635197199,MS4wLjABAAAAsLxy2k9zCsF4DilaWa_MObijeJP8UWfwu8tb1n-gh6qFHRFyStri_9-daE2vKO73,1648971535,浙江,2025-09-11 23:49:07,工人失业了，赚不到钱，你猜谁买房子装修？,7548859192895963962
施工机器人,7476017434940476722,MS4wLjABAAAAPzfttpiX4ttITgYeZYWfTXoCiBKxpoDDAglNMoVcFi4,1094927380,山东,2025-02-28 10:44:13,最起码人不用干那么累的工作了。还有害身体健康。以后人口会减少，会用智能的人就会掌握财富。,7476295288762041100
施工机器人,7476017434940476722,MS4wLjABAAAAPzfttpiX4ttITgYeZYWfTXoCiBKxpoDDAglNMoVcFi4,130639646,黑龙江,2025-02-28 00:01:34,确实装修人工费太贵了，有的甚至比材料都贵,7476129681415668518
施工机器人,7476017434940476722,MS4wLjABAAAAPzfttpiX4ttITgYeZYWfTXoCiBKxpoDDAglNMoVcFi4,dy3hvh9shroq,浙江,2025-02-28 12:00:01,一天到晚担心害怕，就不能乐观点，往好的想，时代永远在进步，谁也阻挡不了[呲牙][呲牙][呲牙],7476314841713460028
施工机器人,7476017434940476722,MS4wLjABAAAAPzfttpiX4ttITgYeZYWfTXoCiBKxpoDDAglNMoVcFi4,dyugtwnetx3g,上海,2025-10-21 10:42:45,对于用户来说，这是福音！[赞]减少人为做坏事[呲牙],7563499957777416987
施工机器人,6980620383317740831,MS4wLjABAAAAUjDx813gkua_ffqononLBXOet6Buyyef4-Unt3FS2Ik,sangeliusangeba,CN,2021-10-30 08:58:47,建筑机器人还得看博智林,7024657483986322216
施工机器人,6980620383317740831,MS4wLjABAAAAUjDx813gkua_ffqononLBXOet6Buyyef4-Unt3FS2Ik,sangeliusangeba,CN,2021-10-30 08:58:29,现场没那么干净。。。,7024657410866774825
施工机器人,6980620383317740831,MS4wLjABAAAAUjDx813gkua_ffqononLBXOet6Buyyef4-Unt3FS2Ik,zhelaoxiaozi,CN,2022-04-15 21:02:56,它能在为干透的混凝土上面把线画直吗？能避开钢筋，模板，等障碍物吗？,7086815328579470117
施工机器人,6980620383317740831,MS4wLjABAAAAUjDx813gkua_ffqononLBXOet6Buyyef4-Unt3FS2Ik,1459839911,CN,2023-12-26 23:19:06,墙上的咋画,7316923207708394277
施工机器人,6980620383317740831,MS4wLjABAAAAUjDx813gkua_ffqononLBXOet6Buyyef4-Unt3FS2Ik,feiyang3063463,CN,2022-05-24 18:51:56,装修用,7101253812636009250
施工机器人,7098516724080790821,MS4wLjABAAAAZUro5hBsyqnrw2udynEb-PbDwf6SH6dcnhiY2nBDvrg,886027341,浙江,2022-05-19 07:58:34,拿去做那种工装的可以，精装大家看看就行,7099230036430996263
施工机器人,7098516724080790821,MS4wLjABAAAAZUro5hBsyqnrw2udynEb-PbDwf6SH6dcnhiY2nBDvrg,Y13367349318,广东,2022-05-19 07:40:07,打灯。看效果,7099225211534754594
施工机器人,7098516724080790821,MS4wLjABAAAAZUro5hBsyqnrw2udynEb-PbDwf6SH6dcnhiY2nBDvrg,2197443603,北京,2022-05-19 12:50:47,BIM可视化编程,7099305344979665672
施工机器人,7098516724080790821,MS4wLjABAAAAZUro5hBsyqnrw2udynEb-PbDwf6SH6dcnhiY2nBDvrg,yy958717589,福建,2022-05-18 20:56:42,一个新设备的出现，大家不去肯定它的意义和价值，却一直在诟病它的不完美，有点啊Q了。,7099059495430701824
施工机器人,7098516724080790821,MS4wLjABAAAAZUro5hBsyqnrw2udynEb-PbDwf6SH6dcnhiY2nBDvrg,837570914,广东,2025-11-21 16:54:18,怎么把这机器搬到不同场景去实行操作？,7575099343398093595
施工机器人,7376953686448246056,MS4wLjABAAAAvsnv1yhDlQKYu2NiWI-BZeLD2z95yKSRlEktoT6oUkY,1649575580,河北,2025-01-14 22:24:42,如何能联系上这种造楼机，我想考察一下这个,7459776975307555618
施工机器人,7376953686448246056,MS4wLjABAAAAvsnv1yhDlQKYu2NiWI-BZeLD2z95yKSRlEktoT6oUkY,Chase030807,山东,2024-06-06 12:15:49,这个时代变了，造楼机的研发者目的是什么？无非就是节约成本提高效能，但是他忽略了质量，有些东西是机器无法代替的就像有些东西需要因地制宜要人力去维护.时代的确在进步但是主宰者还是人类[抱拳],7377239172152738596
施工机器人,7376953686448246056,MS4wLjABAAAAvsnv1yhDlQKYu2NiWI-BZeLD2z95yKSRlEktoT6oUkY,839060578,河北,2024-07-24 23:21:20,智慧建造研究这玩意的？[微笑]我今年报的智慧建造嗷[微笑],7395222768540894006
施工机器人,7376953686448246056,MS4wLjABAAAAvsnv1yhDlQKYu2NiWI-BZeLD2z95yKSRlEktoT6oUkY,wokanxing640,山东,2025-10-20 12:56:57,造楼机是必然的，现在很多工种都青黄不接了，年轻的都不愿意干了。,7563163454979212084
施工机器人,7376953686448246056,MS4wLjABAAAAvsnv1yhDlQKYu2NiWI-BZeLD2z95yKSRlEktoT6oUkY,2151019709,天津,2024-06-08 12:28:44,短短的视频，看到了中国速度，中国的发展谁也阻止不了。,7377984664734663464
建筑机器人,7481856216080223529,MS4wLjABAAAATKzEuX2gMOAQEOF_kpB3FonSfraygsBik_85B1FE5DI,352415169,黑龙江,2025-03-15 10:55:22,[赞][赞][赞],7481864458852860729
建筑机器人,7481856216080223529,MS4wLjABAAAATKzEuX2gMOAQEOF_kpB3FonSfraygsBik_85B1FE5DI,279953873,辽宁,2025-03-15 12:00:20,德国人少，中国人这么多不用去代替一些危险的工作，反而用来做这些[憨笑],7481881202301125435
建筑机器人,7416322481004318004,MS4wLjABAAAANj9414mRm2BT1gGQRChDHU6eZCHUehn9oeadFCATCUsyre6-VKntQZhSJSAGw4Fq,93312501,广西,2025-11-15 18:49:25,什么时候普及到中国农村[送花],7572902497238287104
建筑机器人,7416322481004318004,MS4wLjABAAAANj9414mRm2BT1gGQRChDHU6eZCHUehn9oeadFCATCUsyre6-VKntQZhSJSAGw4Fq,MHF908812,河南,2025-06-09 21:54:03,看来以后建筑工人要失业了,7513947534760362811
建筑机器人,7416322481004318004,MS4wLjABAAAANj9414mRm2BT1gGQRChDHU6eZCHUehn9oeadFCATCUsyre6-VKntQZhSJSAGw4Fq,276766682,福建,2025-06-14 18:00:52,我一直以为中国基建第一，都是人工堆出来的,7515742854917309236
建筑机器人,7416322481004318004,MS4wLjABAAAANj9414mRm2BT1gGQRChDHU6eZCHUehn9oeadFCATCUsyre6-VKntQZhSJSAGw4Fq,yyp201959,江西,2024-10-06 07:51:49,yun o,7422443509627994939
建筑机器人,7416322481004318004,MS4wLjABAAAANj9414mRm2BT1gGQRChDHU6eZCHUehn9oeadFCATCUsyre6-VKntQZhSJSAGw4Fq,40449934303,广东,2025-06-18 01:07:50,你们放心 这机器在中国就不适合 不用怕失业,7516966099645448960
建筑机器人,7527634986187410731,MS4wLjABAAAAv5wMd4hHoudeAnnIoPr1RsvyqV-dt684wx18Mz7YVDuEchv20qUj6Mb_qhaxaItM,tiaoshengdage,辽宁,2025-07-16 22:04:35,过去，跑得了和尚跑不了庙 现在，和尚和庙一起跑了,7527680396617401148
建筑机器人,7527634986187410731,MS4wLjABAAAAv5wMd4hHoudeAnnIoPr1RsvyqV-dt684wx18Mz7YVDuEchv20qUj6Mb_qhaxaItM,putongqingni21,北京,2025-10-08 20:22:46,这房子没地基吗？,7558825316979311400
建筑机器人,7527634986187410731,MS4wLjABAAAAv5wMd4hHoudeAnnIoPr1RsvyqV-dt684wx18Mz7YVDuEchv20qUj6Mb_qhaxaItM,nanbaipang25,北京,2025-10-13 12:11:52,就说这机器人和技术买的谁家的？,7560554239971181312
建筑机器人,7527634986187410731,MS4wLjABAAAAv5wMd4hHoudeAnnIoPr1RsvyqV-dt684wx18Mz7YVDuEchv20qUj6Mb_qhaxaItM,xiaoshen5572,浙江,2025-10-05 12:12:07,地基不重要的罗,7557585623286432550
建筑机器人,7527634986187410731,MS4wLjABAAAAv5wMd4hHoudeAnnIoPr1RsvyqV-dt684wx18Mz7YVDuEchv20qUj6Mb_qhaxaItM,1153067873,上海,2025-07-16 20:20:43,这好多年前就用过了吧，我记得是一个剧院,7527653627939324687
建筑机器人,7547177126278057216,MS4wLjABAAAAu6HQkr_xttx9KRv3SruuKsg_cGBHi929xYKsty7xbFs_KwgUKBIdohv4wYlBUsQv,1209786204,美国,2025-09-13 13:00:28,隔热棉是玻璃纤维，地基是已经做好的了，木屋是国外要求的一定防地震设计,7549434209627128634
建筑机器人,7547177126278057216,MS4wLjABAAAAu6HQkr_xttx9KRv3SruuKsg_cGBHi929xYKsty7xbFs_KwgUKBIdohv4wYlBUsQv,879957787,天津,2025-09-07 12:13:01,木板不行，除非故宫那种非常考究的木材,7547195470931411770
建筑机器人,7547177126278057216,MS4wLjABAAAAu6HQkr_xttx9KRv3SruuKsg_cGBHi929xYKsty7xbFs_KwgUKBIdohv4wYlBUsQv,Leers68731,浙江,2025-09-08 20:36:44,可惜我家刚造好，唉，,7547696367167144763
建筑机器人,7547177126278057216,MS4wLjABAAAAu6HQkr_xttx9KRv3SruuKsg_cGBHi929xYKsty7xbFs_KwgUKBIdohv4wYlBUsQv,363658830,四川,2025-10-04 07:18:43,还是钢筋混泥土或者砖加水泥更稳,7557138917201216275
建筑机器人,7547177126278057216,MS4wLjABAAAAu6HQkr_xttx9KRv3SruuKsg_cGBHi929xYKsty7xbFs_KwgUKBIdohv4wYlBUsQv,67447455399,湖南,2025-09-10 21:10:52,我的住房在10年前就已经建好。,7548447326458708796
建筑机器人,6980620383317740831,MS4wLjABAAAAUjDx813gkua_ffqononLBXOet6Buyyef4-Unt3FS2Ik,sangeliusangeba,CN,2021-10-30 08:58:47,建筑机器人还得看博智林,7024657483986322216
建筑机器人,6980620383317740831,MS4wLjABAAAAUjDx813gkua_ffqononLBXOet6Buyyef4-Unt3FS2Ik,sangeliusangeba,CN,2021-10-30 08:58:29,现场没那么干净。。。,7024657410866774825
建筑机器人,6980620383317740831,MS4wLjABAAAAUjDx813gkua_ffqononLBXOet6Buyyef4-Unt3FS2Ik,zhelaoxiaozi,CN,2022-04-15 21:02:56,它能在为干透的混凝土上面把线画直吗？能避开钢筋，模板，等障碍物吗？,7086815328579470117
建筑机器人,6980620383317740831,MS4wLjABAAAAUjDx813gkua_ffqononLBXOet6Buyyef4-Unt3FS2Ik,1459839911,CN,2023-12-26 23:19:06,墙上的咋画,7316923207708394277
建筑机器人,6980620383317740831,MS4wLjABAAAAUjDx813gkua_ffqononLBXOet6Buyyef4-Unt3FS2Ik,feiyang3063463,CN,2022-05-24 18:51:56,装修用,7101253812636009250
建筑机器人,7410692387644706074,MS4wLjABAAAAjKmsolMwCG9r0IsQ0dvPe8V6nH72yNZ6jvsbMq_qJ5I,2052508246,安徽,2024-09-04 16:04:54,[赞][赞][赞][赞][赞][赞],7410695858658820890
建筑机器人,7491238088216284428,MS4wLjABAAAAPzfttpiX4ttITgYeZYWfTXoCiBKxpoDDAglNMoVcFi4,dyxg7g93qn7i,北京,2025-04-09 21:58:49,都这样了，怎么现在我还在干工地,7491312563620463398
建筑机器人,7491238088216284428,MS4wLjABAAAAPzfttpiX4ttITgYeZYWfTXoCiBKxpoDDAglNMoVcFi4,1793136369,江苏,2025-04-09 20:26:01,[赞][赞][赞],7491288634627982116
建筑机器人,7491238088216284428,MS4wLjABAAAAPzfttpiX4ttITgYeZYWfTXoCiBKxpoDDAglNMoVcFi4,1467687243,河南,2025-04-28 00:27:38,机器人刮腻子,7498030432954204988
建筑机器人,7491238088216284428,MS4wLjABAAAAPzfttpiX4ttITgYeZYWfTXoCiBKxpoDDAglNMoVcFi4,83100576151,浙江,2025-04-27 19:43:39,花迷这个机器人呀是杀所有百姓和老板的 早晚会完蛋了准备回家买棺材吧,7497957254516343588
建筑机器人,7614803093294008059,MS4wLjABAAAApfJiFcgPo7XBG7Ny5Dz4RJpdWosRTpwb7sSg9xBk59Q,2181132920,重庆,2026-03-19 12:02:53,中国每人每月发五千工资全国人民领工资,7618812289299776319
建筑机器人,7614803093294008059,MS4wLjABAAAApfJiFcgPo7XBG7Ny5Dz4RJpdWosRTpwb7sSg9xBk59Q,148896748,云南,2026-03-19 07:55:59,没啥好 当心， 什么都是机器人了，闲人多了会发生什么，别说现在是法制社会。,7618748666011386643
建筑机器人,7614803093294008059,MS4wLjABAAAApfJiFcgPo7XBG7Ny5Dz4RJpdWosRTpwb7sSg9xBk59Q,2002862013,新疆,2026-03-19 10:20:09,好多普通老百姓的饭碗又没有了,7618785817054364456
建筑机器人,7614803093294008059,MS4wLjABAAAApfJiFcgPo7XBG7Ny5Dz4RJpdWosRTpwb7sSg9xBk59Q,59688719769,安徽,2026-03-08 19:40:32,这不要人，那不要，人，造那些房子来干什么呢？卖给机器人住吗？,7614848292506616613
建筑机器人,7614803093294008059,MS4wLjABAAAApfJiFcgPo7XBG7Ny5Dz4RJpdWosRTpwb7sSg9xBk59Q,1066654518,江苏,2026-03-09 08:30:36,不要焦虑，ai智能会逐步替代百分之九十以上的工作，那就是这部分人都要失业，这些人没收入，机器人生产再多，也没人买，没人买，他的生产就没意义，这是死循环，所以以前是共产主义才能救中国，以后就是共产主义才能救世界，毛主席早就看透了[呲牙],7615046731990565641
建造机器人,7590719177812380968,MS4wLjABAAAAShdZY2XWloc1dCP72P6Hl59I7VrY98cKdYcz8A6cLcI,387105708,海南,2026-01-03 22:34:42,自主运行很难，现在的机器人自主开个门都很难。,7591143724274418489
建造机器人,7590719177812380968,MS4wLjABAAAAShdZY2XWloc1dCP72P6Hl59I7VrY98cKdYcz8A6cLcI,2045506859,北京,2026-01-02 20:24:22,我国太牛逼了,7590739054317962042
建造机器人,7590719177812380968,MS4wLjABAAAAShdZY2XWloc1dCP72P6Hl59I7VrY98cKdYcz8A6cLcI,1033441564,湖北,2026-01-02 23:19:52,中国直接打印,7590784283007025920
建造机器人,7590719177812380968,MS4wLjABAAAAShdZY2XWloc1dCP72P6Hl59I7VrY98cKdYcz8A6cLcI,77891907,北京,2026-01-03 01:05:02,外星的地面又不值钱，干嘛非要往高里整，都放在地面上不好吗？,7590811377225220879
建造机器人,7590719177812380968,MS4wLjABAAAAShdZY2XWloc1dCP72P6Hl59I7VrY98cKdYcz8A6cLcI,hhbpq2015,北京,2026-01-02 22:09:08,你为啥不往国内看，老往国外看？[杀马特],7590766044945744694
建造机器人,7489387900648393999,MS4wLjABAAAA4is0Hr-9R_5Q4bM32oPExsxWEJvrQgLTcELn-RQZRmvs5jenlN91DgowkY0XBfC_,209180571,广东,2025-06-27 04:10:06,最高能喷多高？,7520352854524412729
建造机器人,7489387900648393999,MS4wLjABAAAA4is0Hr-9R_5Q4bM32oPExsxWEJvrQgLTcELn-RQZRmvs5jenlN91DgowkY0XBfC_,Lqc520p,湖北,2025-07-02 14:26:41,多少钱一台,7522367204696884014
建造机器人,7617648063808539947,MS4wLjABAAAASqiAVn0PkZpEFkw3qy1XFlb6_JlG1muaxnjOFYAvHcRHW7-HDZskpRpPZiKPDptA,48180513984,广西,2026-03-16 20:26:26,[鼓掌][鼓掌][鼓掌],7617828800630735670
建造机器人,7596991309584403750,MS4wLjABAAAA3Z6r0bM5i5fYMFpg6IyMQEXdoC1icyZKQKMLAzQ4lMk,97043514736,辽宁,2026-03-15 06:45:12,科技的时代真快捷呀，淘汰的人就和当年下岗一样。,7617245745549280027
建造机器人,7596991309584403750,MS4wLjABAAAA3Z6r0bM5i5fYMFpg6IyMQEXdoC1icyZKQKMLAzQ4lMk,tg651172740,浙江,2026-01-20 15:46:53,颉哥牛逼,7597347078079464243
建造机器人,7596991309584403750,MS4wLjABAAAA3Z6r0bM5i5fYMFpg6IyMQEXdoC1icyZKQKMLAzQ4lMk,MRTool_Wei,江苏,2026-03-04 20:16:03,用上快换，不是腻子粗磨细抛都能一个机器人搞定[看],7613373110427616015
建造机器人,7596991309584403750,MS4wLjABAAAA3Z6r0bM5i5fYMFpg6IyMQEXdoC1icyZKQKMLAzQ4lMk,jinwenshuidian,山东,2026-03-04 08:25:24,怎么上楼,7613189972472791846
建造机器人,7596991309584403750,MS4wLjABAAAA3Z6r0bM5i5fYMFpg6IyMQEXdoC1icyZKQKMLAzQ4lMk,1668279834,江苏,2026-01-21 10:41:50,大工装可以 家装施展不开 家装要求也更高,7597639554975318784
机械臂建造/施工,7618158403131432618,MS4wLjABAAAAu369pK1HLbKIZog11sPeD7p-QcKtOzDZKonqhryIuzE,yijianjueche48,江西,2026-03-17 18:55:25,[666][666][666][666][666][666],7618176433383572258
机械臂建造/施工,7618130992934553779,MS4wLjABAAAAp38Ac1chAWLfFw_3BZm_d_RI23S49lPHOFqbiCK-Wgs,2128385197,山东,2026-03-17 22:40:33,机电二次法成型机,7618234453802189577
机械臂建造/施工,7618130992934553779,MS4wLjABAAAAp38Ac1chAWLfFw_3BZm_d_RI23S49lPHOFqbiCK-Wgs,817824243,河北,2026-03-17 18:41:59,[赞][赞][赞],7618172971220026162
机械臂建造/施工,7618130992934553779,MS4wLjABAAAAp38Ac1chAWLfFw_3BZm_d_RI23S49lPHOFqbiCK-Wgs,46995383429,河北,2026-03-18 08:56:50,[赞],7618393252929291060
机械臂建造/施工,7618130992934553779,MS4wLjABAAAAp38Ac1chAWLfFw_3BZm_d_RI23S49lPHOFqbiCK-Wgs,54252037,天津,2026-03-18 10:09:14,厉害啊[赞][赞][赞],7618411919204614952
机械臂建造/施工,7390829132600429851,MS4wLjABAAAA3UTTK5FvSq7Cw5GOLnUe1DbGRgzklvaX8wFbnGM0UEXy9b_OtHqbl0FabTQd_qek,862459688,广东,2025-07-09 21:44:17,[玫瑰][玫瑰][666][玫瑰],7525077573148640027
机械臂建造/施工,7390829132600429851,MS4wLjABAAAA3UTTK5FvSq7Cw5GOLnUe1DbGRgzklvaX8wFbnGM0UEXy9b_OtHqbl0FabTQd_qek,114573582,浙江,2024-09-25 20:56:34,[666],7418563828512359178
机械臂建造/施工,7618158010041143680,MS4wLjABAAAA36cMWmWxRy0ZbqLJ3IZAsKW8EPNTr56ny3RW37PBO3o,73088486152,山东,2026-03-17 20:49:52,[赞][赞][赞][赞][赞][赞][666][666][666],7618205923442983695
机械臂建造/施工,7618158010041143680,MS4wLjABAAAA36cMWmWxRy0ZbqLJ3IZAsKW8EPNTr56ny3RW37PBO3o,dyvjzj8a5t56,山东,2026-03-18 22:24:36,牛牛,7618601425665835835
机械臂建造/施工,7618158010041143680,MS4wLjABAAAA36cMWmWxRy0ZbqLJ3IZAsKW8EPNTr56ny3RW37PBO3o,shandongxinhang9,山东,2026-03-17 21:58:34,有机会合作,7618223633924375333
机械臂建造/施工,7601498527209917711,MS4wLjABAAAAgtU0_C-DubkJ29At9MYt4_-BEs_bTsV6Gxt6RLG9x7f5A9Dj3oqq4xrtVAvB9HPv,danlansedeti19,河南,2026-02-02 11:31:55,什么时候更新鲁斯兰跟阿克[捂脸],7602105475727704873
机械臂建造/施工,7601498527209917711,MS4wLjABAAAAgtU0_C-DubkJ29At9MYt4_-BEs_bTsV6Gxt6RLG9x7f5A9Dj3oqq4xrtVAvB9HPv,66359731527,河北,2026-02-01 23:05:40,雪地什么时候搞[流泪]不管了，先睡觉了，晚安[躺平][躺平][躺平],7601913179639939849
机械臂建造/施工,7601498527209917711,MS4wLjABAAAAgtU0_C-DubkJ29At9MYt4_-BEs_bTsV6Gxt6RLG9x7f5A9Dj3oqq4xrtVAvB9HPv,abwqq520,福建,2026-02-01 22:06:15,刚发的热乎的。？,7601897868652430131
机械臂建造/施工,7601498527209917711,MS4wLjABAAAAgtU0_C-DubkJ29At9MYt4_-BEs_bTsV6Gxt6RLG9x7f5A9Dj3oqq4xrtVAvB9HPv,1955461750,江苏,2026-02-02 21:14:27,丧尸安全堡垒,7602255608355652389
机械臂建造/施工,7601498527209917711,MS4wLjABAAAAgtU0_C-DubkJ29At9MYt4_-BEs_bTsV6Gxt6RLG9x7f5A9Dj3oqq4xrtVAvB9HPv,175204642,江苏,2026-02-01 20:53:42,上千年历史？,7601879169542128430
机械臂建造/施工,7611746368398429483,MS4wLjABAAAASqiAVn0PkZpEFkw3qy1XFlb6_JlG1muaxnjOFYAvHcRHW7-HDZskpRpPZiKPDptA,79282803217,河南,2026-03-11 10:49:29,有几种异型能干嘛？,7615824697607226169
机械臂建造/施工,7611746368398429483,MS4wLjABAAAASqiAVn0PkZpEFkw3qy1XFlb6_JlG1muaxnjOFYAvHcRHW7-HDZskpRpPZiKPDptA,xiangpaobude,湖南,2026-03-15 17:48:41,看来还可以设计几个装料机器人和小工机器人,7617417066850075449
机械臂建造/施工,7611746368398429483,MS4wLjABAAAASqiAVn0PkZpEFkw3qy1XFlb6_JlG1muaxnjOFYAvHcRHW7-HDZskpRpPZiKPDptA,1119144543,上海,2026-03-13 10:51:44,公司在哪里,7616567448343987003
机械臂建造/施工,7611746368398429483,MS4wLjABAAAASqiAVn0PkZpEFkw3qy1XFlb6_JlG1muaxnjOFYAvHcRHW7-HDZskpRpPZiKPDptA,2002522234,江苏,2026-02-28 15:00:12,[赞][赞][赞],7611807376731128635
机械臂建造/施工,7611746368398429483,MS4wLjABAAAASqiAVn0PkZpEFkw3qy1XFlb6_JlG1muaxnjOFYAvHcRHW7-HDZskpRpPZiKPDptA,28547840418,江西,2026-02-28 12:08:39,[赞][赞][赞][一起加油][一起加油][一起加油],7611763165668213538
3D打印建造/施工,7615882113360317797,MS4wLjABAAAALyedMx_UwC-7sO78LML0NsdVNsG3XLsSbGr13yya1g3PbZmWGtK0IFarkRmR6y4g,1068310443,山东,2026-03-19 07:25:02,直接3D打印机啊[捂脸],7618740691874972465
3D打印建造/施工,7615882113360317797,MS4wLjABAAAALyedMx_UwC-7sO78LML0NsdVNsG3XLsSbGr13yya1g3PbZmWGtK0IFarkRmR6y4g,TZ33768_33555BD,广东,2026-03-11 17:44:31,只有中国人想不到 没有中国人做不到！ [黄脸干杯][黄脸干杯][黄脸干杯],7615931653709579044
3D打印建造/施工,7615882113360317797,MS4wLjABAAAALyedMx_UwC-7sO78LML0NsdVNsG3XLsSbGr13yya1g3PbZmWGtK0IFarkRmR6y4g,TZ33768_33555BD,广东,2026-03-11 22:30:17,给我的西陵岛上来两栋...,7616005293483229988
3D打印建造/施工,7615882113360317797,MS4wLjABAAAALyedMx_UwC-7sO78LML0NsdVNsG3XLsSbGr13yya1g3PbZmWGtK0IFarkRmR6y4g,a1079364701,北京,2026-03-11 22:01:02,300多万人民币[捂脸],7615997760017744666
3D打印建造/施工,7615882113360317797,MS4wLjABAAAALyedMx_UwC-7sO78LML0NsdVNsG3XLsSbGr13yya1g3PbZmWGtK0IFarkRmR6y4g,3351332170adc,江西,2026-03-15 06:36:54,这个设备哪里下单？,7617243939809329960
3D打印建造/施工,7492770628139863323,MS4wLjABAAAANj9414mRm2BT1gGQRChDHU6eZCHUehn9oeadFCATCUsyre6-VKntQZhSJSAGw4Fq,dyhprvxf5xs8,广东,2025-04-20 14:23:26,抗振几级？,7495277125064524585
3D打印建造/施工,7492770628139863323,MS4wLjABAAAANj9414mRm2BT1gGQRChDHU6eZCHUehn9oeadFCATCUsyre6-VKntQZhSJSAGw4Fq,Zh159025,陕西,2025-04-14 12:22:58,[鼓掌][鼓掌][鼓掌],7493019572280541961
3D打印建造/施工,7492770628139863323,MS4wLjABAAAANj9414mRm2BT1gGQRChDHU6eZCHUehn9oeadFCATCUsyre6-VKntQZhSJSAGw4Fq,dyd9t8wc2olv,福建,2025-04-20 09:50:09,财料太单一,7495206700716016425
3D打印建造/施工,7492770628139863323,MS4wLjABAAAANj9414mRm2BT1gGQRChDHU6eZCHUehn9oeadFCATCUsyre6-VKntQZhSJSAGw4Fq,dyjka7sqtu0f,湖北,2025-04-20 07:35:28,估计黄泥加稻草做的房子都比这结实。,7495171985007018786
3D打印建造/施工,7492770628139863323,MS4wLjABAAAANj9414mRm2BT1gGQRChDHU6eZCHUehn9oeadFCATCUsyre6-VKntQZhSJSAGw4Fq,86371500202,河北,2025-04-23 10:43:55,[捂脸][捂脸][捂脸],7496333832166474506
3D打印建造/施工,7564380183068167481,MS4wLjABAAAAm_-JB0nZsVJ7Z5LjO3cv6if1SN4H5OwpHNAfJ4QXPd4,omvlkv,黑龙江,2025-10-23 23:19:35,听说机械瑞克要干掉你,7564437156627809051
3D打印建造/施工,7564380183068167481,MS4wLjABAAAAm_-JB0nZsVJ7Z5LjO3cv6if1SN4H5OwpHNAfJ4QXPd4,KBImissyou,湖北,2025-10-23 22:39:05,你，去干掉其它这类以机械庞克为主的一群,7564426726660244261
3D打印建造/施工,7564380183068167481,MS4wLjABAAAAm_-JB0nZsVJ7Z5LjO3cv6if1SN4H5OwpHNAfJ4QXPd4,48418600651,河南,2025-10-24 10:47:12,俺投机械瑞克，他才是众望所归,7564614345737995018
3D打印建造/施工,7564380183068167481,MS4wLjABAAAAm_-JB0nZsVJ7Z5LjO3cv6if1SN4H5OwpHNAfJ4QXPd4,93344883605,贵州,2025-10-23 20:18:50,你，对，没错，就是你 你去干掉其他机械类博主[微笑],7564390585147687729
3D打印建造/施工,7564380183068167481,MS4wLjABAAAAm_-JB0nZsVJ7Z5LjO3cv6if1SN4H5OwpHNAfJ4QXPd4,614773684,上海,2025-10-24 20:51:51,俺喜欢机械瑞克,7564770174219109157
3D打印建造/施工,7444450264200793379,MS4wLjABAAAAQShwJhBaib1LsX-KqiGdn4s1HoWiOodZR1osfy2KEWdLPJVMevb-3YnjR_us4jq4,xinrenbaodao123,陕西,2024-12-04 20:25:08,砂浆哪里的,7444531687013335845
3D打印建造/施工,7460467088910470458,MS4wLjABAAAAvY2v1Axfid7ah7pIBi5YMohCoslaaqjShAIMwtAULEY,Clown.1994,江苏,2025-01-18 19:08:09,国内不能搞，没有严格的品质管控，这样的房子容易倒塌,7461210682252657458
3D打印建造/施工,7460467088910470458,MS4wLjABAAAAvY2v1Axfid7ah7pIBi5YMohCoslaaqjShAIMwtAULEY,1203341776,江苏,2025-04-24 20:37:57,开裂了[尬笑],7496858004378895163
3D打印建造/施工,7460467088910470458,MS4wLjABAAAAvY2v1Axfid7ah7pIBi5YMohCoslaaqjShAIMwtAULEY,972533187,山东,2025-05-02 07:33:48,三D打印房子，国内早有了，这样两天就可以建一栋房子了，[赞][赞][赞][赞][呲牙][呲牙],7499624581688771378
3D打印建造/施工,7460467088910470458,MS4wLjABAAAAvY2v1Axfid7ah7pIBi5YMohCoslaaqjShAIMwtAULEY,qq67818666,江苏,2025-01-17 00:27:21,干的这么快吗,7460550765015253820
3D打印建造/施工,7460467088910470458,MS4wLjABAAAAvY2v1Axfid7ah7pIBi5YMohCoslaaqjShAIMwtAULEY,ljs54300,广西,2025-01-17 15:38:36,多少钱一个平方²,7460785598257759033
3D打印建造/施工,7355150821836803369,MS4wLjABAAAAzcZyyNoTvehKhy1dByCSg464PoK5zatn8vwfkR_33YzqVoYW3RVAvy_fYEMlFht7,game88,江西,2024-04-08 09:57:31,这样还是太慢，弄一个超大的机器，直接注入泥巴，烧瓷器要烧出来,7355309493523923766
3D打印建造/施工,7355150821836803369,MS4wLjABAAAAzcZyyNoTvehKhy1dByCSg464PoK5zatn8vwfkR_33YzqVoYW3RVAvy_fYEMlFht7,N3Q466,北京,2024-04-08 10:13:04,砖贵还是水泥砂浆贵？,7355313498216153908
3D打印建造/施工,7355150821836803369,MS4wLjABAAAAzcZyyNoTvehKhy1dByCSg464PoK5zatn8vwfkR_33YzqVoYW3RVAvy_fYEMlFht7,146065137,重庆,2024-04-08 12:16:31,看看施工人员为啥要带防毒面具了，,7355345329606951730
3D打印建造/施工,7355150821836803369,MS4wLjABAAAAzcZyyNoTvehKhy1dByCSg464PoK5zatn8vwfkR_33YzqVoYW3RVAvy_fYEMlFht7,zaolaotoX5,广东,2024-04-08 12:26:45,这不就大型点胶机吗[泣不成声][泣不成声],7355347966867768127
3D打印建造/施工,7355150821836803369,MS4wLjABAAAAzcZyyNoTvehKhy1dByCSg464PoK5zatn8vwfkR_33YzqVoYW3RVAvy_fYEMlFht7,2109878687,云南,2024-08-15 16:14:05,我发现3D打印还差一样东西，它就可以封神了。未来估计应该能实现人体打印技术。[赞],7403276517579866892
3D打印建造/施工,7593319756917263668,MS4wLjABAAAANvTXPeEvhK_VFcLgVWFGmWK31g1tx_w0aDqCILnhA8ubmN5boD88jt8eIeGkRCxk,43853525000,湖南,2026-02-24 00:39:33,湖南有吗我想用这个起栋房,7610101238865068838
3D打印建造/施工,7593319756917263668,MS4wLjABAAAANvTXPeEvhK_VFcLgVWFGmWK31g1tx_w0aDqCILnhA8ubmN5boD88jt8eIeGkRCxk,zoujinnixinl21,中国香港,2026-01-17 18:25:22,笑死我了[笑哭][笑哭]你觉得他有用力打吗,7596274662964429609
3D打印建造/施工,7593319756917263668,MS4wLjABAAAANvTXPeEvhK_VFcLgVWFGmWK31g1tx_w0aDqCILnhA8ubmN5boD88jt8eIeGkRCxk,84389533436,吉林,2026-01-17 08:12:08,吹的永远比做的好[捂脸][捂脸][捂脸],7596116632591369017
3D打印建造/施工,7593319756917263668,MS4wLjABAAAANvTXPeEvhK_VFcLgVWFGmWK31g1tx_w0aDqCILnhA8ubmN5boD88jt8eIeGkRCxk,furongzhuang94,山东,2026-01-11 17:56:47,不瘫痪了吗？[捂脸],7594040792323588901
3D打印建造/施工,7593319756917263668,MS4wLjABAAAANvTXPeEvhK_VFcLgVWFGmWK31g1tx_w0aDqCILnhA8ubmN5boD88jt8eIeGkRCxk,dydk9hzksb3g,湖北,2026-01-20 21:02:37,用c140水泥就牢固了,7597428443727004453
无人机建造/施工,7618514962553504505,MS4wLjABAAAA9kdeNzBTQo5zH26sb22MED36NTuVhGp6yo6SbhG4CoM,934295033,云南,2026-03-18 16:56:34,怎么收费,7618516893935010598
无人机建造/施工,7618518671372185777,MS4wLjABAAAAbWp1e1VgP_oc31JqO4sKY6RpoNIZy9vTA5h2Tc6zjs_ejFHRUxC4EewDHuS_Uotg,xiatian12256,云南,2026-03-18 20:37:17,[赞][赞][赞],7618573773739377457
无人机建造/施工,7474491988608421157,MS4wLjABAAAAN4VIpnjudUus8QpwJL5IonOJcMpy38cHZvF59yt5XIA,1234093067,四川,2025-05-18 15:08:13,怎么拍的，有教程了吗,7505679075467133753
无人机建造/施工,7474491988608421157,MS4wLjABAAAAN4VIpnjudUus8QpwJL5IonOJcMpy38cHZvF59yt5XIA,111104816,四川,2025-12-20 16:08:58,设备是特殊的吗,7585849122659599156
无人机建造/施工,7474491988608421157,MS4wLjABAAAAN4VIpnjudUus8QpwJL5IonOJcMpy38cHZvF59yt5XIA,1080301485,广东,2025-02-24 01:01:00,几天时间[666][666][666],7474660607448498956
无人机建造/施工,7474491988608421157,MS4wLjABAAAAN4VIpnjudUus8QpwJL5IonOJcMpy38cHZvF59yt5XIA,wrj19851010,北京,2026-02-07 18:26:05,摄像头加录像机就可以了[捂脸][捂脸][捂脸],7604067637520024357
无人机建造/施工,7614543295302360539,MS4wLjABAAAAfVGewRl71qeMgnKlTFQcXbkohzrKuVtun28ZkbOq8Bo,392766870,山东,2026-03-09 19:21:09,现在是真发达，早先那些台阶都是背上去的,7615214386886247178
无人机建造/施工,7614543295302360539,MS4wLjABAAAAfVGewRl71qeMgnKlTFQcXbkohzrKuVtun28ZkbOq8Bo,851397499,山东,2026-03-09 13:44:41,报备了吗,7615127678597104441
无人机建造/施工,7614543295302360539,MS4wLjABAAAAfVGewRl71qeMgnKlTFQcXbkohzrKuVtun28ZkbOq8Bo,Z1399871,辽宁,2026-03-08 00:42:11,你买的,7614554944528188196
无人机建造/施工,7614543295302360539,MS4wLjABAAAAfVGewRl71qeMgnKlTFQcXbkohzrKuVtun28ZkbOq8Bo,1080253315,山东,2026-03-09 20:16:33,[赞][赞][赞][赞],7615228658459018035
无人机建造/施工,7614543295302360539,MS4wLjABAAAAfVGewRl71qeMgnKlTFQcXbkohzrKuVtun28ZkbOq8Bo,dydrj77ga4ah,山东,2026-03-10 20:01:57,[赞][赞][赞][赞][赞][赞][赞][赞],7615595983859434297
无人机建造/施工,7614070435814051114,MS4wLjABAAAA3DaBnXlB_CnfSKnrfFtNk7HUlHySrNxng3iS6h-7LUo,919693571,河南,2026-03-10 21:06:57,是报课才能飞，还是像租用那样，交租金就可以飞,7615612740069163814
无人机建造/施工,7614070435814051114,MS4wLjABAAAA3DaBnXlB_CnfSKnrfFtNk7HUlHySrNxng3iS6h-7LUo,jinlijiushi5,北京,2026-03-10 08:30:02,这个就是我的理想型飞场,7615417673945694995
无人机建造/施工,7614070435814051114,MS4wLjABAAAA3DaBnXlB_CnfSKnrfFtNk7HUlHySrNxng3iS6h-7LUo,BMW5989,辽宁,2026-03-07 13:16:23,能同时几人飞呀,7614378216249180947
无人机建造/施工,7614070435814051114,MS4wLjABAAAA3DaBnXlB_CnfSKnrfFtNk7HUlHySrNxng3iS6h-7LUo,44209156934,广西,2026-03-10 01:00:40,这运动服咋卖的，有镶边色的颜色吗？,7615301865424962361
无人机建造/施工,7614070435814051114,MS4wLjABAAAA3DaBnXlB_CnfSKnrfFtNk7HUlHySrNxng3iS6h-7LUo,Geek_Father,河北,2026-03-08 13:42:16,这个场地位置在哪里？ 归谁管？,7614755974254953225
无人机建造/施工,7615222599362137395,MS4wLjABAAAAOaprgDUMP4pv3ULNavmCxGQuhX8UPTq4EE4Pp7pmpn4,46810964137,四川,2026-03-09 22:58:41,翼安大载重x600 [赞],7615270441674326836
无人机建造/施工,7615222599362137395,MS4wLjABAAAAOaprgDUMP4pv3ULNavmCxGQuhX8UPTq4EE4Pp7pmpn4,31415785899,山东,2026-03-09 21:12:11,刺激,7615243001040175872
无人机建造/施工,7615222599362137395,MS4wLjABAAAAOaprgDUMP4pv3ULNavmCxGQuhX8UPTq4EE4Pp7pmpn4,851727148,云南,2026-03-09 21:26:58,这单50万,7615246815931220787
无人机建造/施工,7615222599362137395,MS4wLjABAAAAOaprgDUMP4pv3ULNavmCxGQuhX8UPTq4EE4Pp7pmpn4,1766716187,河北,2026-03-10 12:51:51,这是在哪啊 南海吗？,7615485141880570651
无人机建造/施工,7615222599362137395,MS4wLjABAAAAOaprgDUMP4pv3ULNavmCxGQuhX8UPTq4EE4Pp7pmpn4,93639691068,湖北,2026-03-11 13:16:29,我是二副转行，现在正在培训中型超视距，怎么搞的大型培训啊，,7615862580079313722
无人塔机/塔吊,7373517376127552779,MS4wLjABAAAAG-LAUufsqXCJUrCniN5zlcS5JKaWSwjwDGk3Iw-eOcg,peoplesh,作者,2024-05-27 11:33:42,来源@浦东新区融媒体中心,7373517457389273867
无人塔机/塔吊,7373517376127552779,MS4wLjABAAAAG-LAUufsqXCJUrCniN5zlcS5JKaWSwjwDGk3Iw-eOcg,wb91868573,四川,2024-05-27 23:36:54,我干了31年了，应该是可以提前下岗,7373703828438696719
无人塔机/塔吊,7373517376127552779,MS4wLjABAAAAG-LAUufsqXCJUrCniN5zlcS5JKaWSwjwDGk3Iw-eOcg,1314521nuoer,上海,2024-05-28 01:35:00,下面的人，要跑懵。。。,7373734187575231270
无人塔机/塔吊,7373517376127552779,MS4wLjABAAAAG-LAUufsqXCJUrCniN5zlcS5JKaWSwjwDGk3Iw-eOcg,1060584013,广东,2024-09-08 09:40:45,无人驾驶，怎么还有人[吐血],7412081202465850153
无人塔机/塔吊,7023894800072052008,MS4wLjABAAAAH_eKNGwrtFEXLrkjoloNYBWv2fhOo3qYhb2mEl1BMTo,yang58888866666,CN,2021-10-28 21:32:21,离挨打又进了一步了[灵机一动],7024109516170363683
无人塔机/塔吊,7023894800072052008,MS4wLjABAAAAH_eKNGwrtFEXLrkjoloNYBWv2fhOo3qYhb2mEl1BMTo,ST675834217,CN,2021-10-28 16:22:19,无人操作司机更累，找不到浪的感觉！随时都要抬头看吊钩，大臂在下面指挥的人就很清楚。一不注意脚下就踩在钉子上了，或者是踩在坑里了。[捂脸][捂脸][捂脸][捂脸],7024029614960001823
无人塔机/塔吊,7023894800072052008,MS4wLjABAAAAH_eKNGwrtFEXLrkjoloNYBWv2fhOo3qYhb2mEl1BMTo,1597940924b,CN,2021-10-28 16:04:49,永远不可能[暗中观察],7024025103835513600
无人塔机/塔吊,7023894800072052008,MS4wLjABAAAAH_eKNGwrtFEXLrkjoloNYBWv2fhOo3qYhb2mEl1BMTo,fengxinai968,CN,2021-10-28 08:17:22,失业提示 赶紧转行[捂脸],7023904631059383053
无人塔机/塔吊,7023894800072052008,MS4wLjABAAAAH_eKNGwrtFEXLrkjoloNYBWv2fhOo3qYhb2mEl1BMTo,1499173624,CN,2021-10-28 19:39:21,仓库是可以的，工地就不实用了,7024080393809068833
无人塔机/塔吊,7508703062765161768,MS4wLjABAAAAKKh3Y3lW2IK0GdmMDJdoXd51iQ2vInaYwC2jMowAhYdFWKBlHZzB59c-EOJv4AzI,44131120586,广东,2025-06-13 15:09:37,只要我一直溜达，总有人好奇我是干什么的！ [大笑],7515324350854660903
无人塔机/塔吊,7508703062765161768,MS4wLjABAAAAKKh3Y3lW2IK0GdmMDJdoXd51iQ2vInaYwC2jMowAhYdFWKBlHZzB59c-EOJv4AzI,56142934991,山东,2025-05-26 20:31:16,中建八局施工都经过严格的管理进行施工，且中建八局经过相关权威鉴定，该楼房屋开裂不是中建八局造成的，中建八局施工是都有造成的施工记录，施工日志和质量检测报告,7508731001426838291
无人塔机/塔吊,7508703062765161768,MS4wLjABAAAAKKh3Y3lW2IK0GdmMDJdoXd51iQ2vInaYwC2jMowAhYdFWKBlHZzB59c-EOJv4AzI,yuye59946,广东,2025-05-26 20:43:17,开始修永川线了,7508734101773140763
无人塔机/塔吊,7508703062765161768,MS4wLjABAAAAKKh3Y3lW2IK0GdmMDJdoXd51iQ2vInaYwC2jMowAhYdFWKBlHZzB59c-EOJv4AzI,62810946428,湖南,2025-05-26 21:38:16,[比心],7508748278583362363
无人塔机/塔吊,7508703062765161768,MS4wLjABAAAAKKh3Y3lW2IK0GdmMDJdoXd51iQ2vInaYwC2jMowAhYdFWKBlHZzB59c-EOJv4AzI,zhengjuxincai,河南,2025-05-27 08:43:19,[赞] [赞] [赞],7508889632498369331
无人塔机/塔吊,7563603235374632238,MS4wLjABAAAAPzfttpiX4ttITgYeZYWfTXoCiBKxpoDDAglNMoVcFi4,23289929086,内蒙古,2025-10-22 09:30:45,干活的样子虽然很狼狈，但却很美！ 干最脏最累的活，赚最干净的钱 ，不怕太阳晒，不怕风吹雨打。,7563852474617725759
无人塔机/塔吊,7563603235374632238,MS4wLjABAAAAPzfttpiX4ttITgYeZYWfTXoCiBKxpoDDAglNMoVcFi4,21512587661,内蒙古,2025-10-22 08:54:08,祝您财源茂盛，达八方；事业顺利，福高照；日进斗金，门庭闹🏃‍♀️,7563843049500083003
无人塔机/塔吊,7563603235374632238,MS4wLjABAAAAPzfttpiX4ttITgYeZYWfTXoCiBKxpoDDAglNMoVcFi4,lzc1479925616,内蒙古,2025-10-23 08:41:44,有风有雨是常态，风雨无阻是心态，风雨兼程是状态，全力以赴是现态，最美的不是下雨天，而是在雨天工作的你们拳头。,7564210926414873401
无人塔机/塔吊,7563603235374632238,MS4wLjABAAAAPzfttpiX4ttITgYeZYWfTXoCiBKxpoDDAglNMoVcFi4,43146777094,内蒙古,2025-10-22 15:06:57,数不清的汗水伴随泪水，非常辛苦但从不后悔！,7563939121459528507
无人塔机/塔吊,7563603235374632238,MS4wLjABAAAAPzfttpiX4ttITgYeZYWfTXoCiBKxpoDDAglNMoVcFi4,44126803453,内蒙古,2025-10-23 16:08:35,步步高升，富贵逼人，财运亨通，财源广进,7564326094065926949
无人塔机/塔吊,7502275447711976767,MS4wLjABAAAAxupGG_AUnH3YwVJGLdq0sv9URbPhpXo15TTYGXPo-Pk,40694859513,山东,2025-05-09 17:45:30,[感谢][鼓掌][赞],7502379836573745946
无人塔机/塔吊,7502275447711976767,MS4wLjABAAAAxupGG_AUnH3YwVJGLdq0sv9URbPhpXo15TTYGXPo-Pk,50704911569,安徽,2025-05-12 08:59:16,很不错的方向,7503357476211016506
无人塔机/塔吊,7502275447711976767,MS4wLjABAAAAxupGG_AUnH3YwVJGLdq0sv9URbPhpXo15TTYGXPo-Pk,20180516yang,山东,2025-05-31 23:10:26,[赞],7510627448393974585
无人塔机/塔吊,6977591277718195463,MS4wLjABAAAAaNcVV-eSnagRzJ19zSfICbTHOfPgcvQ-cr8yA_oMHnA,949968531,CN,2021-06-25 14:17:53,作为司机来说，这么热的天，还是上去吹吹空调安逸。,6977611889350656809
无人塔机/塔吊,6977591277718195463,MS4wLjABAAAAaNcVV-eSnagRzJ19zSfICbTHOfPgcvQ-cr8yA_oMHnA,jieaobuxun7155,CN,2021-06-25 14:51:12,这样更累[大笑],6977620484099851039
无人塔机/塔吊,6977591277718195463,MS4wLjABAAAAaNcVV-eSnagRzJ19zSfICbTHOfPgcvQ-cr8yA_oMHnA,YUA07BM2,CN,2021-06-25 15:27:13,摆臂你人转圈吗？[泪奔][泪奔],6977629757811229478
无人塔机/塔吊,6977591277718195463,MS4wLjABAAAAaNcVV-eSnagRzJ19zSfICbTHOfPgcvQ-cr8yA_oMHnA,xiaoxiaonong26,CN,2021-06-25 16:48:19,那个工地用这种塔吊。工期慢三年,6977650659169059624
无人塔机/塔吊,6977591277718195463,MS4wLjABAAAAaNcVV-eSnagRzJ19zSfICbTHOfPgcvQ-cr8yA_oMHnA,yigerenzailu99,CN,2021-06-25 15:36:39,既然是无人驾驶，为什么还做一个操作时在上面？[捂脸][捂脸][捂脸],6977632183868031747
智能塔机/塔吊,7611393436977916136,MS4wLjABAAAAZy7JmSyOhSr7l_79GtL4iqKtRD3L945AIwhbynflYvcIuh0WoOsTLi37Ap5CXKC5,LCb70021368,江苏,2026-03-05 10:48:56,[赞][赞][赞],7613598045330588453
智能塔机/塔吊,7571394082778516742,MS4wLjABAAAAaCMelkfk2vMrJ_hlPIpsywDgrY79laaxuL8KBz5in-4,848108376,贵州,2025-11-11 22:36:42,工资降一半,7571476724744422180
智能塔机/塔吊,7571394082778516742,MS4wLjABAAAAaCMelkfk2vMrJ_hlPIpsywDgrY79laaxuL8KBz5in-4,964045454,江苏,2026-01-25 09:39:19,专注塔机螺栓安全连接，提供塔机高性能螺栓，拧紧工具，拧紧功法，检测及监测技术，让塔机螺栓链接更安全，成本更省，安装效率更高。,7599107777706361649
智能塔机/塔吊,7595467489740442886,MS4wLjABAAAAw6SV5OPwtKoE9rFoRMo49G375cfmMq2L8rum0AvKtvA,26276750219,安徽,2026-01-15 14:25:15,胡总，明年塔吊司机给我留个位置[呲牙],7595470617437160219
智能塔机/塔吊,7595467489740442886,MS4wLjABAAAAw6SV5OPwtKoE9rFoRMo49G375cfmMq2L8rum0AvKtvA,1639049691nqqqq,安徽,2026-03-03 20:37:23,胡总在哪上班？你那需不需要塔吊司机了？,7613007524631544635
智能塔机/塔吊,7595467489740442886,MS4wLjABAAAAw6SV5OPwtKoE9rFoRMo49G375cfmMq2L8rum0AvKtvA,hyrz2010,安徽,2026-01-19 22:13:48,所以这是全国首个吗,7597075703994368827
智能塔机/塔吊,7595467489740442886,MS4wLjABAAAAw6SV5OPwtKoE9rFoRMo49G375cfmMq2L8rum0AvKtvA,lilangzhangb,安徽,2026-01-15 19:11:03,不错,7595544270074528561
智能塔机/塔吊,7549483468728618275,MS4wLjABAAAAC0NP71lyZHa6L4btFtSO35Ag_fi15hoqGvSNPpiFGus,288301107,北京,2025-09-22 14:47:52,7.0太卡了,7552801648502915899
智能塔机/塔吊,7549483468728618275,MS4wLjABAAAAC0NP71lyZHa6L4btFtSO35Ag_fi15hoqGvSNPpiFGus,77585493793,辽宁,2025-09-16 20:03:41,[发呆][发呆][发呆],7550656521531818794
智能塔机/塔吊,7549483468728618275,MS4wLjABAAAAC0NP71lyZHa6L4btFtSO35Ag_fi15hoqGvSNPpiFGus,yudefang4652,重庆,2025-09-17 05:19:40,[玫瑰][玫瑰][玫瑰][玫瑰][玫瑰][玫瑰][玫瑰],7550799774816486204
智能塔机/塔吊,7549483468728618275,MS4wLjABAAAAC0NP71lyZHa6L4btFtSO35Ag_fi15hoqGvSNPpiFGus,2118790526,河北,2025-09-17 06:22:32,[赞][赞][赞],7550815981863781163
智能塔机/塔吊,7549483468728618275,MS4wLjABAAAAC0NP71lyZHa6L4btFtSO35Ag_fi15hoqGvSNPpiFGus,44126803453,内蒙古,2025-09-20 15:47:23,祝你一生的钱财滚滚而来，幸福生活无限美好,7552074814744838969
智能塔机/塔吊,7488592146610572585,MS4wLjABAAAAQPxvhOjGyNuz6I1vItn698AzSqP_wJ4153ZSktGS6Y8,dymy0payvuk6,山西,2025-04-03 06:25:13,小洁你是最棒的[感谢][感谢][感谢][666][666][666][赞][赞][赞],7488845424972464937
智能塔机/塔吊,7488592146610572585,MS4wLjABAAAAQPxvhOjGyNuz6I1vItn698AzSqP_wJ4153ZSktGS6Y8,dymy0payvuk6,山西,2025-04-03 06:24:45,[赞][赞][赞][666][666][666][感谢][感谢][感谢],7488845318642156327
智能塔机/塔吊,7488592146610572585,MS4wLjABAAAAQPxvhOjGyNuz6I1vItn698AzSqP_wJ4153ZSktGS6Y8,8666.66666,浙江,2025-06-25 16:31:38,一点都不实用，科技越多坏的也多。真要无人作业还不如搞个遥控器现场作业,7519801807792489274
智能塔机/塔吊,7527616343609314594,MS4wLjABAAAAam85i-Qq6oS7_z_zodwvI5eSBWiGH0MPnCupERkCqXeA1q9TrrWX0P80eiAunAsX,chumeng27648,广东,2025-07-16 21:30:23,准备复购[赞][赞],7527671587106112265
智能塔机/塔吊,7527616343609314594,MS4wLjABAAAAam85i-Qq6oS7_z_zodwvI5eSBWiGH0MPnCupERkCqXeA1q9TrrWX0P80eiAunAsX,jingzhideshi17,江苏,2026-02-02 08:55:24,完了工资又被压下来了,7602065149998072610
智能塔机/塔吊,7527616343609314594,MS4wLjABAAAAam85i-Qq6oS7_z_zodwvI5eSBWiGH0MPnCupERkCqXeA1q9TrrWX0P80eiAunAsX,44756864159,广东,2025-07-24 21:43:48,[玫瑰][玫瑰],7530643715066987316
智能塔机/塔吊,7527616343609314594,MS4wLjABAAAAam85i-Qq6oS7_z_zodwvI5eSBWiGH0MPnCupERkCqXeA1q9TrrWX0P80eiAunAsX,1761983975,广东,2025-07-16 19:01:50,自动驾驶[赞][赞][赞],7527633303265657659
自动化建造/施工,7577318811586563337,MS4wLjABAAAAFclTir9Spvs_g08OkLtEDdEL_4W-OY_2Tm4-zhCepoI,1934132686,广东,2025-11-30 10:58:47,买房的时候就让机器人买吧，毕竟什么活都机器人干了,7578347497924657969
自动化建造/施工,7577318811586563337,MS4wLjABAAAAFclTir9Spvs_g08OkLtEDdEL_4W-OY_2Tm4-zhCepoI,dyl2z5wmz5ty,湖北,2026-02-17 09:35:48,两个公司都是赖皮，欠工人钱不给,7607641831308903209
自动化建造/施工,7577318811586563337,MS4wLjABAAAAFclTir9Spvs_g08OkLtEDdEL_4W-OY_2Tm4-zhCepoI,aimi66158,湖北,2026-02-24 17:06:45,这都是用欠包工头的钱，在做最有钱的事。欠着包工头的血汗钱，做着利己的事。缺德[衰],7610355638422471466
自动化建造/施工,7577318811586563337,MS4wLjABAAAAFclTir9Spvs_g08OkLtEDdEL_4W-OY_2Tm4-zhCepoI,1016796184,上海,2025-12-14 21:09:16,这种只抢饭碗、不造增量、不普惠的“智能”，屁都不算进步——顶多是资本收割底层的“高科技工具”，是制造不公的加速器，根本配不上“进步”两个字。,7583700009301885731
自动化建造/施工,7577318811586563337,MS4wLjABAAAAFclTir9Spvs_g08OkLtEDdEL_4W-OY_2Tm4-zhCepoI,dy8mts8vxaiz,陕西,2026-02-24 16:36:44,讨薪的机会都没了！[捂脸][捂脸],7610347904138724145
自动化建造/施工,7617786517931244977,MS4wLjABAAAAnIvpt-ASqOlbmCV04Z0ibLUE__ah_cIavckSL8A3Ot0GiwDHCbPm2aTS5NHgu1D4,QQB00008686,甘肃,2026-03-17 19:52:17,那么解放出来这群人就业怎么办？吃什么喝什么，一个两个没关系一千万两千五五千万都失业怎么办？,7618191087987344180
自动化建造/施工,7617786517931244977,MS4wLjABAAAAnIvpt-ASqOlbmCV04Z0ibLUE__ah_cIavckSL8A3Ot0GiwDHCbPm2aTS5NHgu1D4,45287840153,山东,2026-03-19 12:01:58,解放了劳动力，提高了质量。[赞][赞][赞],7618812058432324401
自动化建造/施工,7617786517931244977,MS4wLjABAAAAnIvpt-ASqOlbmCV04Z0ibLUE__ah_cIavckSL8A3Ot0GiwDHCbPm2aTS5NHgu1D4,shi469321,重庆,2026-03-17 16:07:46,工人全都饿？[捂脸],7618133220664705855
自动化建造/施工,7617786517931244977,MS4wLjABAAAAnIvpt-ASqOlbmCV04Z0ibLUE__ah_cIavckSL8A3Ot0GiwDHCbPm2aTS5NHgu1D4,1329948843,广东,2026-03-16 22:58:00,失业了，失业了。,7617867862930490149
自动化建造/施工,7617786517931244977,MS4wLjABAAAAnIvpt-ASqOlbmCV04Z0ibLUE__ah_cIavckSL8A3Ot0GiwDHCbPm2aTS5NHgu1D4,guo198406,广东,2026-03-16 19:29:10,还有未来吗？,7617814052437951283
自动化建造/施工,7616684500194647291,MS4wLjABAAAAXGJ9mdHFaRqXhYVosl5amYTwD5RiOfZiyTNBAC5pc-s,dyrukuhthk3f,四川,2026-03-14 13:25:40,未来中国有几万人就可以了,7616978202033177354
自动化建造/施工,7616684500194647291,MS4wLjABAAAAXGJ9mdHFaRqXhYVosl5amYTwD5RiOfZiyTNBAC5pc-s,1260268390,中国香港,2026-03-16 09:41:37,这个不得好几千吧！三百块钱要做多少天才能买[尬笑],7617662634008412937
自动化建造/施工,7616684500194647291,MS4wLjABAAAAXGJ9mdHFaRqXhYVosl5amYTwD5RiOfZiyTNBAC5pc-s,575467942,安徽,2026-03-14 15:26:02,根本不实用 别问我怎么知道 专业刚筋30年,7617009223230456625
自动化建造/施工,7616684500194647291,MS4wLjABAAAAXGJ9mdHFaRqXhYVosl5amYTwD5RiOfZiyTNBAC5pc-s,1199362372,重庆,2026-03-14 00:06:55,不需要，这些钢筋自动飞上来，一根一根排好，而且不移位,7616772369331520307
自动化建造/施工,7616684500194647291,MS4wLjABAAAAXGJ9mdHFaRqXhYVosl5amYTwD5RiOfZiyTNBAC5pc-s,weifenglinlin77,江苏,2026-03-16 17:44:56,这玩意看看就行，都是项目创优用的，视频拍完就不用了,7617787187875267355
自动化建造/施工,7618162579894052521,MS4wLjABAAAAXGJ9mdHFaRqXhYVosl5amYTwD5RiOfZiyTNBAC5pc-s,QQ544715501,江西,2026-03-17 21:03:11,板底筋不绑扎吗？？1200深的大梁绑扎可以吗？？,7618209365036024625
自动化建造/施工,7618162579894052521,MS4wLjABAAAAXGJ9mdHFaRqXhYVosl5amYTwD5RiOfZiyTNBAC5pc-s,67359252218,湖南,2026-03-17 21:22:57,劳务工资比例会下调不？？？还要扫脸打卡发工资不？？？,7618214452346192680
自动化建造/施工,7618162579894052521,MS4wLjABAAAAXGJ9mdHFaRqXhYVosl5amYTwD5RiOfZiyTNBAC5pc-s,dyoo22shza1g,安徽,2026-03-18 15:09:33,未来也没人了，看下生育数据！,7618489313831944997
自动化建造/施工,7618162579894052521,MS4wLjABAAAAXGJ9mdHFaRqXhYVosl5amYTwD5RiOfZiyTNBAC5pc-s,dydnaaxt1ynu,四川,2026-03-17 19:03:37,以后的确不需要人，但莫得人，任何东西，技术又成0,7618178552152261425
自动化建造/施工,7618162579894052521,MS4wLjABAAAAXGJ9mdHFaRqXhYVosl5amYTwD5RiOfZiyTNBAC5pc-s,laojiumen524,贵州,2026-03-18 11:52:20,反正干不赢人工,7618438487859151656
造楼机,6982114885358472462,MS4wLjABAAAAt6AsGhjrHeoxZNkceYg2J0FWvrWKzEaTAvF44-sPYco,91071484128,CN,2021-07-20 00:29:15,三天一层，为什么修了十年[泪奔] 成都蜀峰468 [捂脸],6986675480829182734
造楼机,6982114885358472462,MS4wLjABAAAAt6AsGhjrHeoxZNkceYg2J0FWvrWKzEaTAvF44-sPYco,se7en_cr,CN,2021-07-21 22:23:21,三天一层，现在6年了，是不是修了730层了？,6987385216839500548
造楼机,6982114885358472462,MS4wLjABAAAAt6AsGhjrHeoxZNkceYg2J0FWvrWKzEaTAvF44-sPYco,Du15756203229,CN,2021-07-20 23:07:39,速度快就是10年都没修好[捂脸],6987025543355482884
造楼机,6982114885358472462,MS4wLjABAAAAt6AsGhjrHeoxZNkceYg2J0FWvrWKzEaTAvF44-sPYco,ljh111221,CN,2021-07-19 21:16:15,成都那个地标建筑吧,6986625765542560542
造楼机,6982114885358472462,MS4wLjABAAAAt6AsGhjrHeoxZNkceYg2J0FWvrWKzEaTAvF44-sPYco,Xizang1452,CN,2021-07-20 02:50:42,成都绿地468蜀峰,6986711832182850335
造楼机,7275348486889934095,MS4wLjABAAAAweF8BmCQZw-m5FHq7gMfKA9Tu9mmbNHHeGRWTgc09HEGMWeJbzU7lmEaNVGFkBSH,1202002218,福建,2023-09-06 00:41:53,那些搞工地的要失业了[鞠躬][鞠躬][鞠躬],7275382862500217639
造楼机,7275348486889934095,MS4wLjABAAAAweF8BmCQZw-m5FHq7gMfKA9Tu9mmbNHHeGRWTgc09HEGMWeJbzU7lmEaNVGFkBSH,387264469,广西,2023-09-06 10:26:08,人口减少，造多点住🦟[鼓掌][鼓掌][鼓掌],7275533498475234083
造楼机,7275348486889934095,MS4wLjABAAAAweF8BmCQZw-m5FHq7gMfKA9Tu9mmbNHHeGRWTgc09HEGMWeJbzU7lmEaNVGFkBSH,gudaoxifengge,贵州,2023-09-06 12:44:53,三四台塔吊服务一栋楼，当然快。普通工地，一台塔吊吊装2-4栋楼，同一栋的不同工人抢塔吊都怄气，不同栋的直接开骂，不同包工头的还可能打架,7275569296431727372
造楼机,7275348486889934095,MS4wLjABAAAAweF8BmCQZw-m5FHq7gMfKA9Tu9mmbNHHeGRWTgc09HEGMWeJbzU7lmEaNVGFkBSH,88290680314,山东,2024-06-02 16:00:07,有没有踏地支柱？不然楼自身怎么支撑这么重的设备？,7375812619498947328
造楼机,7530947198122741049,MS4wLjABAAAAlw49FdTdp3z-49B9cYqvq1hXsCGaD6YOU77OLLkH9IQ,dy9ussvftp61,山东,2026-03-13 10:05:06,比人靠谱，工人有的偷奸耍滑不好好干[捂脸]，机器人不会。,7616555426720613174
造楼机,7530947198122741049,MS4wLjABAAAAlw49FdTdp3z-49B9cYqvq1hXsCGaD6YOU77OLLkH9IQ,sam204471,中国香港,2025-12-23 10:17:40,"香港必須引入,就不需外勞,價格可以降低",7586871859792167706
造楼机,7530947198122741049,MS4wLjABAAAAlw49FdTdp3z-49B9cYqvq1hXsCGaD6YOU77OLLkH9IQ,wei6777bao,辽宁,2025-07-25 19:52:54,现在工人都没活干，你还搞机器人 [泪奔],7530986216193508130
造楼机,7530947198122741049,MS4wLjABAAAAlw49FdTdp3z-49B9cYqvq1hXsCGaD6YOU77OLLkH9IQ,850564804,福建,2026-01-05 07:36:42,格局大一点，把房子盖到月球上去,7591643889536205606
造楼机,7530947198122741049,MS4wLjABAAAAlw49FdTdp3z-49B9cYqvq1hXsCGaD6YOU77OLLkH9IQ,1699097968,湖北,2025-10-29 23:34:43,这房子修来也没人买了，老百姓找不到钱没人买，有钱人都己经买房了,7566667559350928134
造楼机,7568393333576404274,MS4wLjABAAAAo-fUfmC3hJSRev7ycDBU9kCDUwvmk5VOTgBHLhi7RZQ,sam204471,中国香港,2025-12-24 14:27:31,香港必須引入[赞],7587307331768173338
造楼机,7568393333576404274,MS4wLjABAAAAo-fUfmC3hJSRev7ycDBU9kCDUwvmk5VOTgBHLhi7RZQ,broadcast_cz,江苏,2025-11-14 10:18:04,[鼓掌][鼓掌][鼓掌],7572399636553581322
造楼机,7568393333576404274,MS4wLjABAAAAo-fUfmC3hJSRev7ycDBU9kCDUwvmk5VOTgBHLhi7RZQ,1789710816,江苏,2025-11-04 10:47:43,哪儿,7568696427703567141
造楼机,7568393333576404274,MS4wLjABAAAAo-fUfmC3hJSRev7ycDBU9kCDUwvmk5VOTgBHLhi7RZQ,zgdsbtl,四川,2025-11-04 10:25:48,哪里？,7568690772310016805
造楼机,7485772270766394674,MS4wLjABAAAAbLKnNOPAyIZ3VImhZ4vf7ObOloXBeqho44SlbdoGCmE,wandouyin301,广东,2025-12-25 09:35:26,270吨在刚浇筑的结构上会不会把楼干松了,7587603141722686257
造楼机,7485772270766394674,MS4wLjABAAAAbLKnNOPAyIZ3VImhZ4vf7ObOloXBeqho44SlbdoGCmE,1003848516,山西,2025-03-26 06:49:24,开始研究盖楼了，[赞][赞][赞],7485883005446669115
造楼机,7485772270766394674,MS4wLjABAAAAbLKnNOPAyIZ3VImhZ4vf7ObOloXBeqho44SlbdoGCmE,21475179106,江苏,2025-08-16 17:35:26,外墙和电梯井的墙体模板只有一侧可以整体提升吧？,7539110437204951854
造楼机,7485772270766394674,MS4wLjABAAAAbLKnNOPAyIZ3VImhZ4vf7ObOloXBeqho44SlbdoGCmE,1512347649,山西,2025-03-28 18:57:49,高级[赞]因为每个字都认识，组合一起愣是没听懂，所以高级,7486812886313796393
造楼机,7485772270766394674,MS4wLjABAAAAbLKnNOPAyIZ3VImhZ4vf7ObOloXBeqho44SlbdoGCmE,169454222,山西,2025-04-04 21:15:43,高端,7489446031005549352
造楼机,7162069469706210575,MS4wLjABAAAAA7s_PXnCPdc5_t4p7NkHeomoz7TuXOIKkKt0XkYj6XA,wang80526517,IP未知,2022-11-04 20:01:04,这是爬架么前多少年在北京就有了,7162129651687015182
造楼机,7162069469706210575,MS4wLjABAAAAA7s_PXnCPdc5_t4p7NkHeomoz7TuXOIKkKt0XkYj6XA,L02999999999,陕西,2022-11-05 13:36:48,我以为真是造楼机，不要人了，原来是爬架机,7162401707460035367
造楼机,7162069469706210575,MS4wLjABAAAAA7s_PXnCPdc5_t4p7NkHeomoz7TuXOIKkKt0XkYj6XA,181178188,陕西,2022-11-04 22:11:05,不就是爬架么！有啥稀奇的[捂脸],7162163153627054889
造楼机,7162069469706210575,MS4wLjABAAAAA7s_PXnCPdc5_t4p7NkHeomoz7TuXOIKkKt0XkYj6XA,dy6f0qtviwrm,陕西,2022-11-04 23:01:44,中建三局项目,7162176198369510175
造楼机,7162069469706210575,MS4wLjABAAAAA7s_PXnCPdc5_t4p7NkHeomoz7TuXOIKkKt0XkYj6XA,37745209170,陕西,2022-11-04 17:30:01,这是爬架[泪奔],7162090723532948254
造楼机,7287759757669076282,MS4wLjABAAAA140JhcgVe5oLugbMlKRASP6YjiGObgWQu2eghAJBzhE,guangmingchu31,黑龙江,2025-10-27 06:31:53,人都不用了，盖楼给谁住，空气吗！机器人吗！,7565661796914725669
造楼机,7287759757669076282,MS4wLjABAAAA140JhcgVe5oLugbMlKRASP6YjiGObgWQu2eghAJBzhE,1201480610,IP未知,2023-10-09 19:01:24,就一外围角手架 ，内部还是要工人制模,7287912166970704640
造楼机,7287759757669076282,MS4wLjABAAAA140JhcgVe5oLugbMlKRASP6YjiGObgWQu2eghAJBzhE,HKB10010,湖北,2023-10-10 11:36:37,老技术了，1993年我们就用过——滑模技术，只不过后来就很少用这种技术。当年武昌关山口(华科对面)两栋十八层就是使用的滑模技术！,7288168630498902839
造楼机,7287759757669076282,MS4wLjABAAAA140JhcgVe5oLugbMlKRASP6YjiGObgWQu2eghAJBzhE,63129052855,广东,2023-10-09 17:20:04,[抠鼻]这只是爬架而已，只是代替了以往的整栋楼式的排栅，没有说的这么神奇，主体建设还是老三样钢筋，混凝土，模板，目前多了一种叫装配式的整装建造,7287886039003644711
造楼机,7287759757669076282,MS4wLjABAAAA140JhcgVe5oLugbMlKRASP6YjiGObgWQu2eghAJBzhE,850445962,河南,2023-10-09 23:08:42,这不就是爬架嘛,7287975899075674937
智能施工装备,7618148630670658859,MS4wLjABAAAAik6X_wzYVwzlYMzLdP3eqL3UIcLjwtZplvNJj3761561ZKVaw9FEbTRISRM4LfKw,Ccx185208888,广西,2026-03-17 17:31:14,爆破完先出渣，排险挖台车垫层，安排测量，推台车，安先装拱架连接筋，在装网片，打锁脚锚杆，装锚杆，报验，退台车，通知搅拌站报料，喷射喷浆料。叫挖机挖掉落喷浆料推台车通知开挖班上班爆破，这才是隧道施工完整工序。,7618154740073153343
智能施工装备,7618148630670658859,MS4wLjABAAAAik6X_wzYVwzlYMzLdP3eqL3UIcLjwtZplvNJj3761561ZKVaw9FEbTRISRM4LfKw,38125423000,湖南,2026-03-18 08:54:26,锚杆,7618392634269205248
智能施工装备,7618148630670658859,MS4wLjABAAAAik6X_wzYVwzlYMzLdP3eqL3UIcLjwtZplvNJj3761561ZKVaw9FEbTRISRM4LfKw,946737628KBB,陕西,2026-03-17 23:23:32,还要做二村,7618245528212259633
智能施工装备,7618148630670658859,MS4wLjABAAAAik6X_wzYVwzlYMzLdP3eqL3UIcLjwtZplvNJj3761561ZKVaw9FEbTRISRM4LfKw,1996zyq0428,四川,2026-03-19 04:01:55,有多少隧道按规则打锚杆打超前和注浆呢,7618688317005841201
智能施工装备,7615378202995644608,MS4wLjABAAAAq0JJeNq3_zeU8H6TTPMo2JHox-rgjRDW1XMDpXTzhu_k2Iq1UlhJK0YAZgb5Gpin,72251178407,河北,2026-03-12 11:38:43,老贵了,7616208468140524325
智能施工装备,7615378202995644608,MS4wLjABAAAAq0JJeNq3_zeU8H6TTPMo2JHox-rgjRDW1XMDpXTzhu_k2Iq1UlhJK0YAZgb5Gpin,66244818666,广东,2026-03-19 12:58:05,这个多少米,7618826520551097107
智能施工装备,7615378202995644608,MS4wLjABAAAAq0JJeNq3_zeU8H6TTPMo2JHox-rgjRDW1XMDpXTzhu_k2Iq1UlhJK0YAZgb5Gpin,41241057382,河北,2026-03-18 23:04:27,这是个幽灵吗？,7618611691878335247
智能施工装备,7615378202995644608,MS4wLjABAAAAq0JJeNq3_zeU8H6TTPMo2JHox-rgjRDW1XMDpXTzhu_k2Iq1UlhJK0YAZgb5Gpin,dyh0mbws1jlt,湖南,2026-03-12 07:00:07,这不是开槽机，这是蜘蛛侠,7616136654169359158
智能施工装备,7615378202995644608,MS4wLjABAAAAq0JJeNq3_zeU8H6TTPMo2JHox-rgjRDW1XMDpXTzhu_k2Iq1UlhJK0YAZgb5Gpin,1907073721,重庆,2026-03-12 06:42:07,多少钱啊给我来一个呗[赞][赞][赞],7616132035719430931
智能施工装备,7580341508495848512,MS4wLjABAAAA_t6HPEhzEjsyWiszeWjl_1HGlt9smUijs4VBRklugU8,A5386310g3218,江苏,2025-12-14 03:06:26,不可想像，江阴大桥，江阴隧道，工程师们的伟大！,7583420944509944582
智能施工装备,7612466532488154394,MS4wLjABAAAASqiAVn0PkZpEFkw3qy1XFlb6_JlG1muaxnjOFYAvHcRHW7-HDZskpRpPZiKPDptA,45359683353,安徽,2026-03-04 08:26:06,这个多少钱一台？,7613190140345991946
智能施工装备,7612466532488154394,MS4wLjABAAAASqiAVn0PkZpEFkw3qy1XFlb6_JlG1muaxnjOFYAvHcRHW7-HDZskpRpPZiKPDptA,feng18883840448,重庆,2026-03-05 00:59:02,这个好多钱一台,7613446015078105907
智能施工装备,7612466532488154394,MS4wLjABAAAASqiAVn0PkZpEFkw3qy1XFlb6_JlG1muaxnjOFYAvHcRHW7-HDZskpRpPZiKPDptA,sx246958,江苏,2026-03-02 12:29:25,这个厉害,7612510687541183242
智能施工装备,7618152875097831802,MS4wLjABAAAAuQ3rYBq4lWgYZ8XFR7biR54KTKSfjbn6GwFJlvSR9V8,Hp1510357409,江西,2026-03-17 18:23:26,[赞]看着就省心，工人师傅不用蹲半天还怕空鼓[抱拳],7618168193354335013
智能施工装备,7618152875097831802,MS4wLjABAAAAuQ3rYBq4lWgYZ8XFR7biR54KTKSfjbn6GwFJlvSR9V8,Hp1510357409,江西,2026-03-17 17:24:23,贴砖师傅要慌了？这机器人手艺比老师傅还稳！[抱拳][抱拳][抱拳],7618152974276461371
智能施工装备,7618152875097831802,MS4wLjABAAAAuQ3rYBq4lWgYZ8XFR7biR54KTKSfjbn6GwFJlvSR9V8,1741017313,广东,2026-03-18 16:53:11,装修师傅用它贴砖，不用蹲半天，空鼓问题也少了！这工具设计得真贴心，省了不少力气，贴出来的砖又平又稳，看着就放心，效率也高多了。,7618516013148488498
智能施工装备,7618152875097831802,MS4wLjABAAAAuQ3rYBq4lWgYZ8XFR7biR54KTKSfjbn6GwFJlvSR9V8,dy0qz0culdvp,广东,2026-03-18 20:53:22,空了就是机器的事了,7618577919573082929
智能施工装备,7618152875097831802,MS4wLjABAAAAuQ3rYBq4lWgYZ8XFR7biR54KTKSfjbn6GwFJlvSR9V8,2031020962,河南,2026-03-18 15:18:14,在做个高个子就不用搭架子了,7618491548447949614
智能施工装备,7492301327666662710,MS4wLjABAAAA8tbfg5HBHCQE-TGDeKksraa-Zz2HKyi8UYEWuEkEoXU,0102fighting,福建,2025-08-11 15:54:09,有搬运的吗,7537233152406963002
智能施工装备,7492301327666662710,MS4wLjABAAAA8tbfg5HBHCQE-TGDeKksraa-Zz2HKyi8UYEWuEkEoXU,23544128503,山西,2025-04-12 18:28:55,[666][666][666],7492371730012259130
智能施工装备,7492301327666662710,MS4wLjABAAAA8tbfg5HBHCQE-TGDeKksraa-Zz2HKyi8UYEWuEkEoXU,TUAN_Best666,江苏,2025-04-13 16:17:32,整一台[呲牙],7492708949741912842
智能施工装备,7492301327666662710,MS4wLjABAAAA8tbfg5HBHCQE-TGDeKksraa-Zz2HKyi8UYEWuEkEoXU,Edorado1215,江苏,2025-04-12 18:47:49,买一台，如果你当真的话，当我没说,7492376595468403515
智能施工装备,7492301327666662710,MS4wLjABAAAA8tbfg5HBHCQE-TGDeKksraa-Zz2HKyi8UYEWuEkEoXU,625712129,江苏,2025-04-12 15:31:17,[捂脸][捂脸][捂脸],7492325949783802682
智能施工装备,7610338717093481779,MS4wLjABAAAAik6X_wzYVwzlYMzLdP3eqL3UIcLjwtZplvNJj3761561ZKVaw9FEbTRISRM4LfKw,laosi215260,河南,2026-02-26 02:09:53,大机如果能安排顺当稳定，肯定比人工是快的多，还安全，还安全，工程量越大，大机的效率和安全优势越明显，,7610866682415874874
智能施工装备,7610338717093481779,MS4wLjABAAAAik6X_wzYVwzlYMzLdP3eqL3UIcLjwtZplvNJj3761561ZKVaw9FEbTRISRM4LfKw,88995685444,四川,2026-02-26 11:43:41,拱架台车人跑都跑不掉[尬笑]，除非直接往下跳,7611014559956615985
智能施工装备,7610338717093481779,MS4wLjABAAAAik6X_wzYVwzlYMzLdP3eqL3UIcLjwtZplvNJj3761561ZKVaw9FEbTRISRM4LfKw,65471642878,西藏,2026-02-25 13:13:24,熟练后，比28打钻快,7610666594829861682
智能施工装备,7610338717093481779,MS4wLjABAAAAik6X_wzYVwzlYMzLdP3eqL3UIcLjwtZplvNJj3761561ZKVaw9FEbTRISRM4LfKw,43960028984,湖南,2026-02-28 09:58:23,[赞],7611726134753461011
智能施工装备,7610338717093481779,MS4wLjABAAAAik6X_wzYVwzlYMzLdP3eqL3UIcLjwtZplvNJj3761561ZKVaw9FEbTRISRM4LfKw,82003327256,湖南,2026-02-24 18:05:05,[赞][赞][赞],7610370676289798949
